@timestamp;action;session_id
2019-10-02 12:20:30.588;catalog_show;97f97ed70bd27b567300d9393ad37473
2019-10-02 12:20:29.970;catalog_index_query;97f97ed70bd27b567300d9393ad37473
2019-10-02 12:20:29.337;home_index;97f97ed70bd27b567300d9393ad37473
2019-10-02 12:20:28.324;catalog_show;877194f8042a9f3cbbc2e1627baadfb0
2019-10-02 12:20:27.691;home_periods_selection;877194f8042a9f3cbbc2e1627baadfb0
2019-10-02 12:20:26.779;home_periods;877194f8042a9f3cbbc2e1627baadfb0
2019-10-02 12:20:25.828;home_index;877194f8042a9f3cbbc2e1627baadfb0
2019-10-02 12:20:24.778;catalog_show;89a6f0f4b956567455af75b5e6a6aa75
2019-10-02 12:20:24.021;home_periods;89a6f0f4b956567455af75b5e6a6aa75
2019-10-02 12:20:23.024;home_index;89a6f0f4b956567455af75b5e6a6aa75
2019-10-02 12:20:22.041;catalog_show;15555473eb956a557920e5edaac1adab
2019-10-02 12:20:21.355;home_show_topic_selection;15555473eb956a557920e5edaac1adab
2019-10-02 12:20:20.499;home_topics;15555473eb956a557920e5edaac1adab
2019-10-02 12:20:19.705;home_index;15555473eb956a557920e5edaac1adab
2019-10-02 12:20:18.709;catalog_show;d8f58d90faef743e87764e2dcce01b68
2019-10-02 12:20:18.087;catalog_index_query;d8f58d90faef743e87764e2dcce01b68
2019-10-02 12:20:17.421;home_index;d8f58d90faef743e87764e2dcce01b68
2019-10-02 12:20:16.448;catalog_show;683acf109dbbaf11f74359b9ac119eaf
2019-10-02 12:20:15.774;home_periods_selection;683acf109dbbaf11f74359b9ac119eaf
2019-10-02 12:20:14.882;home_periods;683acf109dbbaf11f74359b9ac119eaf
2019-10-02 12:20:13.902;home_index;683acf109dbbaf11f74359b9ac119eaf
2019-10-02 12:20:12.930;catalog_show;4af835755e5c663269acd03c9f6f9172
2019-10-02 12:20:12.313;home_periods;4af835755e5c663269acd03c9f6f9172
2019-10-02 12:20:11.329;home_index;4af835755e5c663269acd03c9f6f9172
2019-10-02 12:20:10.361;catalog_show;a667d7a66a8ca21ca0b6e9e98be0af99
2019-10-02 12:20:09.698;home_show_topic_selection;a667d7a66a8ca21ca0b6e9e98be0af99
2019-10-02 12:20:08.921;home_topics;a667d7a66a8ca21ca0b6e9e98be0af99
2019-10-02 12:20:08.135;home_index;a667d7a66a8ca21ca0b6e9e98be0af99
2019-10-02 12:20:07.138;catalog_show;4d4e2d2553159f104a1e562470def69f
2019-10-02 12:20:06.510;catalog_index_query;4d4e2d2553159f104a1e562470def69f
2019-10-02 12:20:05.841;home_index;4d4e2d2553159f104a1e562470def69f
2019-10-02 12:20:04.858;catalog_show;d191fbcc1d8f6543e9da1f8a0e044149
2019-10-02 12:20:04.228;home_periods_selection;d191fbcc1d8f6543e9da1f8a0e044149
2019-10-02 12:20:03.345;home_periods;d191fbcc1d8f6543e9da1f8a0e044149
2019-10-02 12:20:02.332;home_index;d191fbcc1d8f6543e9da1f8a0e044149
2019-10-02 12:20:01.225;catalog_show;2d73a1da4ef1cb98fcf26822d092f26d
2019-10-02 12:20:00.540;home_periods;2d73a1da4ef1cb98fcf26822d092f26d
2019-10-02 12:19:59.451;home_index;2d73a1da4ef1cb98fcf26822d092f26d
2019-10-02 12:19:58.261;catalog_show;916174ea33f6ddf692fab663a4751b20
2019-10-02 12:19:57.493;home_show_topic_selection;916174ea33f6ddf692fab663a4751b20
2019-10-02 12:19:56.623;home_topics;916174ea33f6ddf692fab663a4751b20
2019-10-02 12:19:55.683;home_index;916174ea33f6ddf692fab663a4751b20
2019-10-02 12:19:54.448;catalog_show;f15003480ac5945a89db3012cc932eb4
2019-10-02 12:19:53.743;catalog_index_query;f15003480ac5945a89db3012cc932eb4
2019-10-02 12:19:53.058;home_index;f15003480ac5945a89db3012cc932eb4
2019-10-02 12:19:51.602;catalog_show;71f264e22d3325ab4948aaf2a3424bbf
2019-10-02 12:19:50.859;home_periods_selection;71f264e22d3325ab4948aaf2a3424bbf
2019-10-02 12:19:49.811;home_periods;71f264e22d3325ab4948aaf2a3424bbf
2019-10-02 12:19:48.765;home_index;71f264e22d3325ab4948aaf2a3424bbf
2019-10-02 12:19:47.580;catalog_show;54b044e473e338a88a10b794c14a9414
2019-10-02 12:19:46.819;home_periods;54b044e473e338a88a10b794c14a9414
2019-10-02 12:19:45.560;home_index;54b044e473e338a88a10b794c14a9414
2019-10-02 12:19:44.314;catalog_show;6c8c6e22b59c8dd8228e84aa2cd76c13
2019-10-02 12:19:43.569;home_show_topic_selection;6c8c6e22b59c8dd8228e84aa2cd76c13
2019-10-02 12:19:42.563;home_topics;6c8c6e22b59c8dd8228e84aa2cd76c13
2019-10-02 12:19:41.574;home_index;6c8c6e22b59c8dd8228e84aa2cd76c13
2019-10-02 12:19:40.367;catalog_show;b834959cbd0e8dd6c55952698758e15a
2019-10-02 12:19:39.645;catalog_index_query;b834959cbd0e8dd6c55952698758e15a
2019-10-02 12:19:38.901;home_index;b834959cbd0e8dd6c55952698758e15a
2019-10-02 12:19:37.669;catalog_show;6254e6751c2d41a59f6383729a53d8c8
2019-10-02 12:19:37.020;home_periods_selection;6254e6751c2d41a59f6383729a53d8c8
2019-10-02 12:19:36.139;home_periods;6254e6751c2d41a59f6383729a53d8c8
2019-10-02 12:19:35.137;home_index;6254e6751c2d41a59f6383729a53d8c8
2019-10-02 12:19:34.170;catalog_show;e7ac7a275438eac2fc2c8e34c22dea35
2019-10-02 12:19:33.544;home_periods;e7ac7a275438eac2fc2c8e34c22dea35
2019-10-02 12:19:32.542;home_index;e7ac7a275438eac2fc2c8e34c22dea35
2019-10-02 12:19:31.569;catalog_show;bc32fa70a0a0ff3190609b16bd2030ad
2019-10-02 12:19:30.888;home_show_topic_selection;bc32fa70a0a0ff3190609b16bd2030ad
2019-10-02 12:19:30.044;home_topics;bc32fa70a0a0ff3190609b16bd2030ad
2019-10-02 12:19:29.228;home_index;bc32fa70a0a0ff3190609b16bd2030ad
2019-10-02 12:19:28.209;catalog_show;f4e84c9242885eae0add583d69f29754
2019-10-02 12:19:27.563;catalog_index_query;f4e84c9242885eae0add583d69f29754
2019-10-02 12:19:26.928;home_index;f4e84c9242885eae0add583d69f29754
2019-10-02 12:19:25.922;catalog_show;7aa0001957b27affe320632597a4d356
2019-10-02 12:19:25.300;home_periods_selection;7aa0001957b27affe320632597a4d356
2019-10-02 12:19:24.392;home_periods;7aa0001957b27affe320632597a4d356
2019-10-02 12:19:23.401;home_index;7aa0001957b27affe320632597a4d356
2019-10-02 12:19:22.415;catalog_show;78daa4ff66c42f052f595d8734f267da
2019-10-02 12:19:21.763;home_periods;78daa4ff66c42f052f595d8734f267da
2019-10-02 12:19:20.757;home_index;78daa4ff66c42f052f595d8734f267da
2019-10-02 12:19:19.773;catalog_show;1662e06538819767ca1976d4a99c39b8
2019-10-02 12:19:19.141;home_show_topic_selection;1662e06538819767ca1976d4a99c39b8
2019-10-02 12:19:18.311;home_topics;1662e06538819767ca1976d4a99c39b8
2019-10-02 12:19:17.510;home_index;1662e06538819767ca1976d4a99c39b8
2019-10-02 12:19:16.547;catalog_show;3c569bc2f364a967bc6a90a0eae4bbf5
2019-10-02 12:19:15.839;catalog_index_query;3c569bc2f364a967bc6a90a0eae4bbf5
2019-10-02 12:19:15.208;home_index;3c569bc2f364a967bc6a90a0eae4bbf5
2019-10-02 12:19:14.227;catalog_show;23354ba6c439d761540c8359422d6d70
2019-10-02 12:19:13.582;home_periods_selection;23354ba6c439d761540c8359422d6d70
2019-10-02 12:19:12.561;home_periods;23354ba6c439d761540c8359422d6d70
2019-10-02 12:19:11.534;home_index;23354ba6c439d761540c8359422d6d70
2019-10-02 12:19:10.524;catalog_show;0c2cd5b9c95aef18127a9bf5b7dd752e
2019-10-02 12:19:09.863;home_periods;0c2cd5b9c95aef18127a9bf5b7dd752e
2019-10-02 12:19:08.908;home_index;0c2cd5b9c95aef18127a9bf5b7dd752e
2019-10-02 12:19:07.856;catalog_show;66936c60de0c13512764e00fca3cfd84
2019-10-02 12:19:07.191;home_show_topic_selection;66936c60de0c13512764e00fca3cfd84
2019-10-02 12:19:06.376;home_topics;66936c60de0c13512764e00fca3cfd84
2019-10-02 12:19:05.567;home_index;66936c60de0c13512764e00fca3cfd84
2019-10-02 12:19:04.566;catalog_show;dd5c299997793cdd6f3ff7a9bfe0a725
2019-10-02 12:19:03.937;catalog_index_query;dd5c299997793cdd6f3ff7a9bfe0a725
2019-10-02 12:19:03.286;home_index;dd5c299997793cdd6f3ff7a9bfe0a725
2019-10-02 12:19:02.173;catalog_show;fd4e4efa489e130843547044eb494eec
2019-10-02 12:19:01.531;home_periods_selection;fd4e4efa489e130843547044eb494eec
2019-10-02 12:19:00.644;home_periods;fd4e4efa489e130843547044eb494eec
2019-10-02 12:18:59.636;home_index;fd4e4efa489e130843547044eb494eec
2019-10-02 12:18:58.665;catalog_show;3b38d8f81d9006496b0271774db5164a
2019-10-02 12:18:58.016;home_periods;3b38d8f81d9006496b0271774db5164a
2019-10-02 12:18:57.025;home_index;3b38d8f81d9006496b0271774db5164a
2019-10-02 12:18:56.006;catalog_show;1f16b60fb4589a5c866924db32b8faa5
2019-10-02 12:18:55.379;home_show_topic_selection;1f16b60fb4589a5c866924db32b8faa5
2019-10-02 12:18:54.503;home_topics;1f16b60fb4589a5c866924db32b8faa5
2019-10-02 12:18:53.701;home_index;1f16b60fb4589a5c866924db32b8faa5
2019-10-02 12:18:52.722;catalog_show;2df5b7e2868437fce6d51aa44475bd3c
2019-10-02 12:18:52.028;catalog_index_query;2df5b7e2868437fce6d51aa44475bd3c
2019-10-02 12:18:51.404;home_index;2df5b7e2868437fce6d51aa44475bd3c
2019-10-02 12:18:50.436;catalog_show;3ab8b18ddcf568a746c21a5d531cd777
2019-10-02 12:18:49.753;home_periods_selection;3ab8b18ddcf568a746c21a5d531cd777
2019-10-02 12:18:48.831;home_periods;3ab8b18ddcf568a746c21a5d531cd777
2019-10-02 12:18:47.859;home_index;3ab8b18ddcf568a746c21a5d531cd777
2019-10-02 12:18:46.862;catalog_show;a43970e38177d500fe683071a48e5077
2019-10-02 12:18:46.184;home_periods;a43970e38177d500fe683071a48e5077
2019-10-02 12:18:45.231;home_index;a43970e38177d500fe683071a48e5077
2019-10-02 12:18:44.270;catalog_show;14e8b412346cf048a9d6e9af310a1c09
2019-10-02 12:18:43.604;home_show_topic_selection;14e8b412346cf048a9d6e9af310a1c09
2019-10-02 12:18:42.833;home_topics;14e8b412346cf048a9d6e9af310a1c09
2019-10-02 12:18:42.020;home_index;14e8b412346cf048a9d6e9af310a1c09
2019-10-02 12:18:41.038;catalog_show;410f84f8ac1409e1aa189eba03c9a26c
2019-10-02 12:18:40.305;catalog_index_query;410f84f8ac1409e1aa189eba03c9a26c
2019-10-02 12:18:39.552;home_index;410f84f8ac1409e1aa189eba03c9a26c
2019-10-02 12:18:38.534;catalog_show;c7841cb358065094e46c00c94da517c4
2019-10-02 12:18:37.866;home_periods_selection;c7841cb358065094e46c00c94da517c4
2019-10-02 12:18:36.936;home_periods;c7841cb358065094e46c00c94da517c4
2019-10-02 12:18:35.977;home_index;c7841cb358065094e46c00c94da517c4
2019-10-02 12:18:34.948;catalog_show;d429239f1c4336c4304b0a5478695246
2019-10-02 12:18:34.309;home_periods;d429239f1c4336c4304b0a5478695246
2019-10-02 12:18:33.335;home_index;d429239f1c4336c4304b0a5478695246
2019-10-02 12:18:32.147;catalog_show;d61970af73a5efde20cc7739dea83fa6
2019-10-02 12:18:31.520;home_show_topic_selection;d61970af73a5efde20cc7739dea83fa6
2019-10-02 12:18:30.650;home_topics;d61970af73a5efde20cc7739dea83fa6
2019-10-02 12:18:29.743;home_index;d61970af73a5efde20cc7739dea83fa6
2019-10-02 12:24:26.185;catalog_show;b646c56b004f4a3e1870192feb1e5276
2019-10-02 12:24:25.355;catalog_index_filter;b646c56b004f4a3e1870192feb1e5276
2019-10-02 12:24:24.637;catalog_show;b646c56b004f4a3e1870192feb1e5276
2019-10-02 12:24:23.926;catalog_index_query;b646c56b004f4a3e1870192feb1e5276
2019-10-02 12:24:23.141;home_index;b646c56b004f4a3e1870192feb1e5276
2019-10-02 12:24:21.941;catalog_show;120f1d875aba304edcc63070028985e7
2019-10-02 12:24:21.223;catalog_show;120f1d875aba304edcc63070028985e7
2019-10-02 12:24:20.549;catalog_index_query;120f1d875aba304edcc63070028985e7
2019-10-02 12:24:19.756;home_show_topic_selection;120f1d875aba304edcc63070028985e7
2019-10-02 12:24:18.921;home_topics;120f1d875aba304edcc63070028985e7
2019-10-02 12:24:18.064;home_index;120f1d875aba304edcc63070028985e7
2019-10-02 12:24:16.919;catalog_show;9ab6bd564b0912408455363f8a453cf1
2019-10-02 12:24:16.206;home_show_topic_selection;9ab6bd564b0912408455363f8a453cf1
2019-10-02 12:24:15.243;catalog_show;9ab6bd564b0912408455363f8a453cf1
2019-10-02 12:24:14.518;home_show_topic_selection;9ab6bd564b0912408455363f8a453cf1
2019-10-02 12:24:13.591;home_topics;9ab6bd564b0912408455363f8a453cf1
2019-10-02 12:24:12.631;home_index;9ab6bd564b0912408455363f8a453cf1
2019-10-02 12:24:11.481;catalog_show;e694f550f554b979a9f82bad32cd17de
2019-10-02 12:24:10.623;catalog_index_filter;e694f550f554b979a9f82bad32cd17de
2019-10-02 12:24:09.922;catalog_show;e694f550f554b979a9f82bad32cd17de
2019-10-02 12:24:09.242;catalog_index_query;e694f550f554b979a9f82bad32cd17de
2019-10-02 12:24:08.549;home_index;e694f550f554b979a9f82bad32cd17de
2019-10-02 12:24:07.390;catalog_show;7a57c7f0a0137fdd3ad9bbc30d0de40b
2019-10-02 12:24:06.683;catalog_show;7a57c7f0a0137fdd3ad9bbc30d0de40b
2019-10-02 12:24:06.059;catalog_index_query;7a57c7f0a0137fdd3ad9bbc30d0de40b
2019-10-02 12:24:05.430;home_show_topic_selection;7a57c7f0a0137fdd3ad9bbc30d0de40b
2019-10-02 12:24:04.666;home_topics;7a57c7f0a0137fdd3ad9bbc30d0de40b
2019-10-02 12:24:03.886;home_index;7a57c7f0a0137fdd3ad9bbc30d0de40b
2019-10-02 12:24:02.895;catalog_show;10054c1a762ea36c4c3963565e8af799
2019-10-02 12:24:02.282;home_show_topic_selection;10054c1a762ea36c4c3963565e8af799
2019-10-02 12:24:01.484;catalog_show;10054c1a762ea36c4c3963565e8af799
2019-10-02 12:24:00.837;home_show_topic_selection;10054c1a762ea36c4c3963565e8af799
2019-10-02 12:24:00.078;home_topics;10054c1a762ea36c4c3963565e8af799
2019-10-02 12:23:59.243;home_index;10054c1a762ea36c4c3963565e8af799
2019-10-02 12:23:58.268;catalog_show;07f916c50017f0a9a19b85039a378fe3
2019-10-02 12:23:57.412;catalog_index_filter;07f916c50017f0a9a19b85039a378fe3
2019-10-02 12:23:56.769;catalog_show;07f916c50017f0a9a19b85039a378fe3
2019-10-02 12:23:56.118;catalog_index_query;07f916c50017f0a9a19b85039a378fe3
2019-10-02 12:23:55.492;home_index;07f916c50017f0a9a19b85039a378fe3
2019-10-02 12:23:54.509;catalog_show;936d8ee7c2c84b6444d4c3ab06fba6ea
2019-10-02 12:23:53.887;catalog_show;936d8ee7c2c84b6444d4c3ab06fba6ea
2019-10-02 12:23:53.232;catalog_index_query;936d8ee7c2c84b6444d4c3ab06fba6ea
2019-10-02 12:23:52.598;home_show_topic_selection;936d8ee7c2c84b6444d4c3ab06fba6ea
2019-10-02 12:23:51.789;home_topics;936d8ee7c2c84b6444d4c3ab06fba6ea
2019-10-02 12:23:50.819;home_index;936d8ee7c2c84b6444d4c3ab06fba6ea
2019-10-02 12:23:49.758;catalog_show;ab46360eb7e447b5e9986e6c59a3b3fc
2019-10-02 12:23:49.128;home_show_topic_selection;ab46360eb7e447b5e9986e6c59a3b3fc
2019-10-02 12:23:48.340;catalog_show;ab46360eb7e447b5e9986e6c59a3b3fc
2019-10-02 12:23:47.692;home_show_topic_selection;ab46360eb7e447b5e9986e6c59a3b3fc
2019-10-02 12:23:46.934;home_topics;ab46360eb7e447b5e9986e6c59a3b3fc
2019-10-02 12:23:46.122;home_index;ab46360eb7e447b5e9986e6c59a3b3fc
2019-10-02 12:23:45.137;catalog_show;4183abd594c013274f5c5b396e8c6c9a
2019-10-02 12:23:44.486;catalog_index_filter;4183abd594c013274f5c5b396e8c6c9a
2019-10-02 12:23:43.858;catalog_show;4183abd594c013274f5c5b396e8c6c9a
2019-10-02 12:23:43.041;catalog_index_query;4183abd594c013274f5c5b396e8c6c9a
2019-10-02 12:23:42.330;home_index;4183abd594c013274f5c5b396e8c6c9a
2019-10-02 12:23:41.334;catalog_show;558f24e1daa8251458cb262298f6e6fa
2019-10-02 12:23:40.655;catalog_show;558f24e1daa8251458cb262298f6e6fa
2019-10-02 12:23:40.013;catalog_index_query;558f24e1daa8251458cb262298f6e6fa
2019-10-02 12:23:39.381;home_show_topic_selection;558f24e1daa8251458cb262298f6e6fa
2019-10-02 12:23:38.520;home_topics;558f24e1daa8251458cb262298f6e6fa
2019-10-02 12:23:37.688;home_index;558f24e1daa8251458cb262298f6e6fa
2019-10-02 12:23:36.674;catalog_show;389142f67ec453b8010075716fb88c7a
2019-10-02 12:23:36.028;home_show_topic_selection;389142f67ec453b8010075716fb88c7a
2019-10-02 12:23:35.154;catalog_show;389142f67ec453b8010075716fb88c7a
2019-10-02 12:23:34.376;home_show_topic_selection;389142f67ec453b8010075716fb88c7a
2019-10-02 12:23:33.576;home_topics;389142f67ec453b8010075716fb88c7a
2019-10-02 12:23:32.772;home_index;389142f67ec453b8010075716fb88c7a
2019-10-02 12:23:31.783;catalog_show;e4e539e0f32dc470f0b5399bb25fc75d
2019-10-02 12:23:31.131;catalog_index_filter;e4e539e0f32dc470f0b5399bb25fc75d
2019-10-02 12:23:30.470;catalog_show;e4e539e0f32dc470f0b5399bb25fc75d
2019-10-02 12:23:29.845;catalog_index_query;e4e539e0f32dc470f0b5399bb25fc75d
2019-10-02 12:23:29.171;home_index;e4e539e0f32dc470f0b5399bb25fc75d
2019-10-02 12:23:28.168;catalog_show;0addfc922c503ab5b691881974d5b91b
2019-10-02 12:23:27.530;catalog_show;0addfc922c503ab5b691881974d5b91b
2019-10-02 12:23:26.840;catalog_index_query;0addfc922c503ab5b691881974d5b91b
2019-10-02 12:23:26.211;home_show_topic_selection;0addfc922c503ab5b691881974d5b91b
2019-10-02 12:23:25.367;home_topics;0addfc922c503ab5b691881974d5b91b
2019-10-02 12:23:24.413;home_index;0addfc922c503ab5b691881974d5b91b
2019-10-02 12:23:23.379;catalog_show;dae1585f72a0969bfe05907327a8ea51
2019-10-02 12:23:22.742;home_show_topic_selection;dae1585f72a0969bfe05907327a8ea51
2019-10-02 12:23:21.933;catalog_show;dae1585f72a0969bfe05907327a8ea51
2019-10-02 12:23:21.288;home_show_topic_selection;dae1585f72a0969bfe05907327a8ea51
2019-10-02 12:23:20.515;home_topics;dae1585f72a0969bfe05907327a8ea51
2019-10-02 12:23:19.687;home_index;dae1585f72a0969bfe05907327a8ea51
2019-10-02 12:23:18.627;catalog_show;d9b887a0792e6db98235980661ee285f
2019-10-02 12:23:17.974;catalog_index_filter;d9b887a0792e6db98235980661ee285f
2019-10-02 12:23:17.311;catalog_show;d9b887a0792e6db98235980661ee285f
2019-10-02 12:23:16.632;catalog_index_query;d9b887a0792e6db98235980661ee285f
2019-10-02 12:23:15.995;home_index;d9b887a0792e6db98235980661ee285f
2019-10-02 12:23:14.985;catalog_show;3fca25cffa1fa3cb4a54713b409d105f
2019-10-02 12:23:14.361;catalog_show;3fca25cffa1fa3cb4a54713b409d105f
2019-10-02 12:23:13.705;catalog_index_query;3fca25cffa1fa3cb4a54713b409d105f
2019-10-02 12:23:12.916;home_show_topic_selection;3fca25cffa1fa3cb4a54713b409d105f
2019-10-02 12:23:12.058;home_topics;3fca25cffa1fa3cb4a54713b409d105f
2019-10-02 12:23:11.191;home_index;3fca25cffa1fa3cb4a54713b409d105f
2019-10-02 12:23:10.214;catalog_show;5c2e615854f2da790fdf1f2a369bad5a
2019-10-02 12:23:09.591;home_show_topic_selection;5c2e615854f2da790fdf1f2a369bad5a
2019-10-02 12:23:08.818;catalog_show;5c2e615854f2da790fdf1f2a369bad5a
2019-10-02 12:23:08.128;home_show_topic_selection;5c2e615854f2da790fdf1f2a369bad5a
2019-10-02 12:23:07.353;home_topics;5c2e615854f2da790fdf1f2a369bad5a
2019-10-02 12:23:06.523;home_index;5c2e615854f2da790fdf1f2a369bad5a
2019-10-02 12:23:05.227;catalog_show;547c3e61618b53f2276e9f31eb3a4bc8
2019-10-02 12:23:04.554;catalog_index_filter;547c3e61618b53f2276e9f31eb3a4bc8
2019-10-02 12:23:03.918;catalog_show;547c3e61618b53f2276e9f31eb3a4bc8
2019-10-02 12:23:03.210;catalog_index_query;547c3e61618b53f2276e9f31eb3a4bc8
2019-10-02 12:23:02.500;home_index;547c3e61618b53f2276e9f31eb3a4bc8
2019-10-02 12:23:01.417;catalog_show;c3b6c0006d1effeeadbf1d9ca11fdaf3
2019-10-02 12:23:00.631;catalog_show;c3b6c0006d1effeeadbf1d9ca11fdaf3
2019-10-02 12:22:59.915;catalog_index_query;c3b6c0006d1effeeadbf1d9ca11fdaf3
2019-10-02 12:22:59.086;home_show_topic_selection;c3b6c0006d1effeeadbf1d9ca11fdaf3
2019-10-02 12:22:58.171;home_topics;c3b6c0006d1effeeadbf1d9ca11fdaf3
2019-10-02 12:22:57.210;home_index;c3b6c0006d1effeeadbf1d9ca11fdaf3
2019-10-02 12:22:55.994;catalog_show;9125d8c82c37975d8dc298c50d264d21
2019-10-02 12:22:55.267;home_show_topic_selection;9125d8c82c37975d8dc298c50d264d21
2019-10-02 12:22:54.412;catalog_show;9125d8c82c37975d8dc298c50d264d21
2019-10-02 12:22:53.335;home_show_topic_selection;9125d8c82c37975d8dc298c50d264d21
2019-10-02 12:22:52.290;home_topics;9125d8c82c37975d8dc298c50d264d21
2019-10-02 12:22:51.246;home_index;9125d8c82c37975d8dc298c50d264d21
2019-10-02 12:22:49.708;catalog_show;438e3a6ebc8980c299ece4220f6f7608
2019-10-02 12:22:48.956;catalog_index_filter;438e3a6ebc8980c299ece4220f6f7608
2019-10-02 12:22:48.241;catalog_show;438e3a6ebc8980c299ece4220f6f7608
2019-10-02 12:22:47.463;catalog_index_query;438e3a6ebc8980c299ece4220f6f7608
2019-10-02 12:22:46.641;home_index;438e3a6ebc8980c299ece4220f6f7608
2019-10-02 12:22:45.342;catalog_show;13f8941c6e8d981068e9c672b02cf0d0
2019-10-02 12:22:44.612;catalog_show;13f8941c6e8d981068e9c672b02cf0d0
2019-10-02 12:22:43.792;catalog_index_query;13f8941c6e8d981068e9c672b02cf0d0
2019-10-02 12:22:43.074;home_show_topic_selection;13f8941c6e8d981068e9c672b02cf0d0
2019-10-02 12:22:42.131;home_topics;13f8941c6e8d981068e9c672b02cf0d0
2019-10-02 12:22:41.146;home_index;13f8941c6e8d981068e9c672b02cf0d0
2019-10-02 12:22:39.832;catalog_show;5d4d8ad80132944ff6e6669a3b61fd08
2019-10-02 12:22:39.134;home_show_topic_selection;5d4d8ad80132944ff6e6669a3b61fd08
2019-10-02 12:22:38.247;catalog_show;5d4d8ad80132944ff6e6669a3b61fd08
2019-10-02 12:22:37.453;home_show_topic_selection;5d4d8ad80132944ff6e6669a3b61fd08
2019-10-02 12:22:36.563;home_topics;5d4d8ad80132944ff6e6669a3b61fd08
2019-10-02 12:22:35.602;home_index;5d4d8ad80132944ff6e6669a3b61fd08
2019-10-02 12:22:34.242;catalog_show;7c5d340298566d6e2b56e1a2634a9a6c
2019-10-02 12:22:33.540;catalog_index_filter;7c5d340298566d6e2b56e1a2634a9a6c
2019-10-02 12:22:32.898;catalog_show;7c5d340298566d6e2b56e1a2634a9a6c
2019-10-02 12:22:32.222;catalog_index_query;7c5d340298566d6e2b56e1a2634a9a6c
2019-10-02 12:22:31.589;home_index;7c5d340298566d6e2b56e1a2634a9a6c
2019-10-02 12:22:30.568;catalog_show;9646585ae6ccdf985a944a679f6211f5
2019-10-02 12:22:29.926;catalog_show;9646585ae6ccdf985a944a679f6211f5
2019-10-02 12:22:29.261;catalog_index_query;9646585ae6ccdf985a944a679f6211f5
2019-10-02 12:22:28.510;home_show_topic_selection;9646585ae6ccdf985a944a679f6211f5
2019-10-02 12:22:27.591;home_topics;9646585ae6ccdf985a944a679f6211f5
2019-10-02 12:22:26.772;home_index;9646585ae6ccdf985a944a679f6211f5
2019-10-02 12:22:25.810;catalog_show;b4c25be701fe4b9520d7290066dee9f3
2019-10-02 12:22:25.156;home_show_topic_selection;b4c25be701fe4b9520d7290066dee9f3
2019-10-02 12:22:24.373;catalog_show;b4c25be701fe4b9520d7290066dee9f3
2019-10-02 12:22:23.647;home_show_topic_selection;b4c25be701fe4b9520d7290066dee9f3
2019-10-02 12:22:22.874;home_topics;b4c25be701fe4b9520d7290066dee9f3
2019-10-02 12:22:22.086;home_index;b4c25be701fe4b9520d7290066dee9f3
2019-10-02 12:22:21.072;catalog_show;6cd5e3cb9e23f7338e77238a3ef982b5
2019-10-02 12:22:20.422;catalog_index_filter;6cd5e3cb9e23f7338e77238a3ef982b5
2019-10-02 12:22:19.768;catalog_show;6cd5e3cb9e23f7338e77238a3ef982b5
2019-10-02 12:22:19.137;catalog_index_query;6cd5e3cb9e23f7338e77238a3ef982b5
2019-10-02 12:22:18.454;home_index;6cd5e3cb9e23f7338e77238a3ef982b5
2019-10-02 12:22:17.402;catalog_show;96647018866182675d0127fb8622cffd
2019-10-02 12:22:16.732;catalog_show;96647018866182675d0127fb8622cffd
2019-10-02 12:22:16.104;catalog_index_query;96647018866182675d0127fb8622cffd
2019-10-02 12:22:15.469;home_show_topic_selection;96647018866182675d0127fb8622cffd
2019-10-02 12:22:14.657;home_topics;96647018866182675d0127fb8622cffd
2019-10-02 12:22:13.863;home_index;96647018866182675d0127fb8622cffd
2019-10-02 12:22:12.825;catalog_show;7341549eb63aa220a2ee3a9c6fd2e006
2019-10-02 12:22:12.150;home_show_topic_selection;7341549eb63aa220a2ee3a9c6fd2e006
2019-10-02 12:22:11.334;catalog_show;7341549eb63aa220a2ee3a9c6fd2e006
2019-10-02 12:22:10.623;home_show_topic_selection;7341549eb63aa220a2ee3a9c6fd2e006
2019-10-02 12:22:09.836;home_topics;7341549eb63aa220a2ee3a9c6fd2e006
2019-10-02 12:22:09.021;home_index;7341549eb63aa220a2ee3a9c6fd2e006
2019-10-02 12:29:59.437;catalog_show;6f2c4c78cb1240497a5e3380cb57e1e3
2019-10-02 12:29:58.822;catalog_index_filter;6f2c4c78cb1240497a5e3380cb57e1e3
2019-10-02 12:29:58.153;catalog_index_query;6f2c4c78cb1240497a5e3380cb57e1e3
2019-10-02 12:29:57.529;catalog_show;6f2c4c78cb1240497a5e3380cb57e1e3
2019-10-02 12:29:56.898;catalog_index_filter;6f2c4c78cb1240497a5e3380cb57e1e3
2019-10-02 12:29:56.251;catalog_index_query;6f2c4c78cb1240497a5e3380cb57e1e3
2019-10-02 12:29:55.582;catalog_show;6f2c4c78cb1240497a5e3380cb57e1e3
2019-10-02 12:29:54.932;catalog_show;6f2c4c78cb1240497a5e3380cb57e1e3
2019-10-02 12:29:54.287;home_languages_selection;6f2c4c78cb1240497a5e3380cb57e1e3
2019-10-02 12:29:53.439;home_languages;6f2c4c78cb1240497a5e3380cb57e1e3
2019-10-02 12:29:52.615;home_index;6f2c4c78cb1240497a5e3380cb57e1e3
2019-10-02 12:29:51.655;catalog_show;e80ab1bcfbbad1a6d3beb9e191a21abf
2019-10-02 12:29:50.966;catalog_index_query;e80ab1bcfbbad1a6d3beb9e191a21abf
2019-10-02 12:29:50.341;catalog_show;e80ab1bcfbbad1a6d3beb9e191a21abf
2019-10-02 12:29:49.719;home_show_topic_selection;e80ab1bcfbbad1a6d3beb9e191a21abf
2019-10-02 12:29:48.826;home_topics;e80ab1bcfbbad1a6d3beb9e191a21abf
2019-10-02 12:29:47.814;catalog_show;e80ab1bcfbbad1a6d3beb9e191a21abf
2019-10-02 12:29:47.175;home_show_topic_selection;e80ab1bcfbbad1a6d3beb9e191a21abf
2019-10-02 12:29:46.350;home_topics;e80ab1bcfbbad1a6d3beb9e191a21abf
2019-10-02 12:29:45.577;catalog_show;e80ab1bcfbbad1a6d3beb9e191a21abf
2019-10-02 12:29:44.960;catalog_index_query;e80ab1bcfbbad1a6d3beb9e191a21abf
2019-10-02 12:29:44.287;home_index;e80ab1bcfbbad1a6d3beb9e191a21abf
2019-10-02 12:29:43.263;catalog_show;954ba6f1a437663e89af2092c8e4a358
2019-10-02 12:29:42.645;home_show_topic_selection;954ba6f1a437663e89af2092c8e4a358
2019-10-02 12:29:41.780;home_topics;954ba6f1a437663e89af2092c8e4a358
2019-10-02 12:29:41.003;catalog_show;954ba6f1a437663e89af2092c8e4a358
2019-10-02 12:29:40.379;catalog_show;954ba6f1a437663e89af2092c8e4a358
2019-10-02 12:29:39.695;home_periods_selection;954ba6f1a437663e89af2092c8e4a358
2019-10-02 12:29:38.804;home_periods;954ba6f1a437663e89af2092c8e4a358
2019-10-02 12:29:37.853;catalog_show;954ba6f1a437663e89af2092c8e4a358
2019-10-02 12:29:37.188;home_show_topic_selection;954ba6f1a437663e89af2092c8e4a358
2019-10-02 12:29:36.415;home_show_topic_selection;954ba6f1a437663e89af2092c8e4a358
2019-10-02 12:29:35.644;home_topics;954ba6f1a437663e89af2092c8e4a358
2019-10-02 12:29:34.823;home_index;954ba6f1a437663e89af2092c8e4a358
2019-10-02 12:29:33.859;catalog_show;f7096a45df0f27630c4a6fca8258a6cf
2019-10-02 12:29:33.219;catalog_index_filter;f7096a45df0f27630c4a6fca8258a6cf
2019-10-02 12:29:32.544;catalog_index_query;f7096a45df0f27630c4a6fca8258a6cf
2019-10-02 12:29:31.909;catalog_show;f7096a45df0f27630c4a6fca8258a6cf
2019-10-02 12:29:31.276;catalog_index_filter;f7096a45df0f27630c4a6fca8258a6cf
2019-10-02 12:29:30.654;catalog_index_query;f7096a45df0f27630c4a6fca8258a6cf
2019-10-02 12:29:29.959;catalog_show;f7096a45df0f27630c4a6fca8258a6cf
2019-10-02 12:29:29.320;catalog_show;f7096a45df0f27630c4a6fca8258a6cf
2019-10-02 12:29:28.680;home_languages_selection;f7096a45df0f27630c4a6fca8258a6cf
2019-10-02 12:29:27.827;home_languages;f7096a45df0f27630c4a6fca8258a6cf
2019-10-02 12:29:26.979;home_index;f7096a45df0f27630c4a6fca8258a6cf
2019-10-02 12:29:26.020;catalog_show;fca40e05609a186005cbfe439d55d630
2019-10-02 12:29:25.401;catalog_index_query;fca40e05609a186005cbfe439d55d630
2019-10-02 12:29:24.615;catalog_show;fca40e05609a186005cbfe439d55d630
2019-10-02 12:29:23.780;home_show_topic_selection;fca40e05609a186005cbfe439d55d630
2019-10-02 12:29:23.013;home_topics;fca40e05609a186005cbfe439d55d630
2019-10-02 12:29:22.190;catalog_show;fca40e05609a186005cbfe439d55d630
2019-10-02 12:29:21.563;home_show_topic_selection;fca40e05609a186005cbfe439d55d630
2019-10-02 12:29:20.741;home_topics;fca40e05609a186005cbfe439d55d630
2019-10-02 12:29:19.862;catalog_show;fca40e05609a186005cbfe439d55d630
2019-10-02 12:29:19.208;catalog_index_query;fca40e05609a186005cbfe439d55d630
2019-10-02 12:29:18.570;home_index;fca40e05609a186005cbfe439d55d630
2019-10-02 12:29:17.576;catalog_show;e72cf9c9f5890f78b7fe15530fa4e11e
2019-10-02 12:29:16.954;home_show_topic_selection;e72cf9c9f5890f78b7fe15530fa4e11e
2019-10-02 12:29:16.190;home_topics;e72cf9c9f5890f78b7fe15530fa4e11e
2019-10-02 12:29:15.372;catalog_show;e72cf9c9f5890f78b7fe15530fa4e11e
2019-10-02 12:29:14.721;catalog_show;e72cf9c9f5890f78b7fe15530fa4e11e
2019-10-02 12:29:14.092;home_periods_selection;e72cf9c9f5890f78b7fe15530fa4e11e
2019-10-02 12:29:13.177;home_periods;e72cf9c9f5890f78b7fe15530fa4e11e
2019-10-02 12:29:12.235;catalog_show;e72cf9c9f5890f78b7fe15530fa4e11e
2019-10-02 12:29:11.590;home_show_topic_selection;e72cf9c9f5890f78b7fe15530fa4e11e
2019-10-02 12:29:10.770;home_show_topic_selection;e72cf9c9f5890f78b7fe15530fa4e11e
2019-10-02 12:29:09.991;home_topics;e72cf9c9f5890f78b7fe15530fa4e11e
2019-10-02 12:29:09.213;home_index;e72cf9c9f5890f78b7fe15530fa4e11e
2019-10-02 12:29:08.193;catalog_show;34137f9d8c598f6493f54bfcd81101f5
2019-10-02 12:29:07.543;catalog_index_filter;34137f9d8c598f6493f54bfcd81101f5
2019-10-02 12:29:06.896;catalog_index_query;34137f9d8c598f6493f54bfcd81101f5
2019-10-02 12:29:06.265;catalog_show;34137f9d8c598f6493f54bfcd81101f5
2019-10-02 12:29:05.596;catalog_index_filter;34137f9d8c598f6493f54bfcd81101f5
2019-10-02 12:29:04.937;catalog_index_query;34137f9d8c598f6493f54bfcd81101f5
2019-10-02 12:29:04.247;catalog_show;34137f9d8c598f6493f54bfcd81101f5
2019-10-02 12:29:03.496;catalog_show;34137f9d8c598f6493f54bfcd81101f5
2019-10-02 12:29:02.771;home_languages_selection;34137f9d8c598f6493f54bfcd81101f5
2019-10-02 12:29:01.761;home_languages;34137f9d8c598f6493f54bfcd81101f5
2019-10-02 12:29:00.801;home_index;34137f9d8c598f6493f54bfcd81101f5
2019-10-02 12:28:59.520;catalog_show;60a77f2a260b706071cbe289a3d6a4e6
2019-10-02 12:28:58.896;catalog_index_query;60a77f2a260b706071cbe289a3d6a4e6
2019-10-02 12:28:58.160;catalog_show;60a77f2a260b706071cbe289a3d6a4e6
2019-10-02 12:28:57.424;home_show_topic_selection;60a77f2a260b706071cbe289a3d6a4e6
2019-10-02 12:28:56.338;home_topics;60a77f2a260b706071cbe289a3d6a4e6
2019-10-02 12:28:55.078;catalog_show;60a77f2a260b706071cbe289a3d6a4e6
2019-10-02 12:28:54.344;home_show_topic_selection;60a77f2a260b706071cbe289a3d6a4e6
2019-10-02 12:28:53.395;home_topics;60a77f2a260b706071cbe289a3d6a4e6
2019-10-02 12:28:52.495;catalog_show;60a77f2a260b706071cbe289a3d6a4e6
2019-10-02 12:28:51.824;catalog_index_query;60a77f2a260b706071cbe289a3d6a4e6
2019-10-02 12:28:51.071;home_index;60a77f2a260b706071cbe289a3d6a4e6
2019-10-02 12:28:49.713;catalog_show;4c3dfa60df43979d47a823b0fdfc8c86
2019-10-02 12:28:48.923;home_show_topic_selection;4c3dfa60df43979d47a823b0fdfc8c86
2019-10-02 12:28:48.062;home_topics;4c3dfa60df43979d47a823b0fdfc8c86
2019-10-02 12:28:47.076;catalog_show;4c3dfa60df43979d47a823b0fdfc8c86
2019-10-02 12:28:46.252;catalog_show;4c3dfa60df43979d47a823b0fdfc8c86
2019-10-02 12:28:45.545;home_periods_selection;4c3dfa60df43979d47a823b0fdfc8c86
2019-10-02 12:28:44.612;home_periods;4c3dfa60df43979d47a823b0fdfc8c86
2019-10-02 12:28:43.446;catalog_show;4c3dfa60df43979d47a823b0fdfc8c86
2019-10-02 12:28:42.574;home_show_topic_selection;4c3dfa60df43979d47a823b0fdfc8c86
2019-10-02 12:28:41.690;home_show_topic_selection;4c3dfa60df43979d47a823b0fdfc8c86
2019-10-02 12:28:40.777;home_topics;4c3dfa60df43979d47a823b0fdfc8c86
2019-10-02 12:28:39.798;home_index;4c3dfa60df43979d47a823b0fdfc8c86
2019-10-02 12:28:38.652;catalog_show;e0c6ba970f32bd5441053e961f615f49
2019-10-02 12:28:38.006;catalog_index_filter;e0c6ba970f32bd5441053e961f615f49
2019-10-02 12:28:37.321;catalog_index_query;e0c6ba970f32bd5441053e961f615f49
2019-10-02 12:28:36.680;catalog_show;e0c6ba970f32bd5441053e961f615f49
2019-10-02 12:28:36.031;catalog_index_filter;e0c6ba970f32bd5441053e961f615f49
2019-10-02 12:28:35.408;catalog_index_query;e0c6ba970f32bd5441053e961f615f49
2019-10-02 12:28:34.711;catalog_show;e0c6ba970f32bd5441053e961f615f49
2019-10-02 12:28:34.034;catalog_show;e0c6ba970f32bd5441053e961f615f49
2019-10-02 12:28:33.360;home_languages_selection;e0c6ba970f32bd5441053e961f615f49
2019-10-02 12:28:32.559;home_languages;e0c6ba970f32bd5441053e961f615f49
2019-10-02 12:28:31.699;home_index;e0c6ba970f32bd5441053e961f615f49
2019-10-02 12:28:30.715;catalog_show;515e7e438b0cf776edac3415b7c12dac
2019-10-02 12:28:30.051;catalog_index_query;515e7e438b0cf776edac3415b7c12dac
2019-10-02 12:28:29.371;catalog_show;515e7e438b0cf776edac3415b7c12dac
2019-10-02 12:28:28.742;home_show_topic_selection;515e7e438b0cf776edac3415b7c12dac
2019-10-02 12:28:27.955;home_topics;515e7e438b0cf776edac3415b7c12dac
2019-10-02 12:28:27.135;catalog_show;515e7e438b0cf776edac3415b7c12dac
2019-10-02 12:28:26.428;home_show_topic_selection;515e7e438b0cf776edac3415b7c12dac
2019-10-02 12:28:25.630;home_topics;515e7e438b0cf776edac3415b7c12dac
2019-10-02 12:28:24.777;catalog_show;515e7e438b0cf776edac3415b7c12dac
2019-10-02 12:28:24.122;catalog_index_query;515e7e438b0cf776edac3415b7c12dac
2019-10-02 12:28:23.390;home_index;515e7e438b0cf776edac3415b7c12dac
2019-10-02 12:28:22.322;catalog_show;bc7f684439a32f192a4bc876ef9751c1
2019-10-02 12:28:21.664;home_show_topic_selection;bc7f684439a32f192a4bc876ef9751c1
2019-10-02 12:28:20.822;home_topics;bc7f684439a32f192a4bc876ef9751c1
2019-10-02 12:28:20.006;catalog_show;bc7f684439a32f192a4bc876ef9751c1
2019-10-02 12:28:19.387;catalog_show;bc7f684439a32f192a4bc876ef9751c1
2019-10-02 12:28:18.741;home_periods_selection;bc7f684439a32f192a4bc876ef9751c1
2019-10-02 12:28:17.846;home_periods;bc7f684439a32f192a4bc876ef9751c1
2019-10-02 12:28:16.895;catalog_show;bc7f684439a32f192a4bc876ef9751c1
2019-10-02 12:28:16.207;home_show_topic_selection;bc7f684439a32f192a4bc876ef9751c1
2019-10-02 12:28:15.418;home_show_topic_selection;bc7f684439a32f192a4bc876ef9751c1
2019-10-02 12:28:14.647;home_topics;bc7f684439a32f192a4bc876ef9751c1
2019-10-02 12:28:13.805;home_index;bc7f684439a32f192a4bc876ef9751c1
2019-10-02 12:28:12.831;catalog_show;b2d16e2920e75bebba97b39e49fbffb4
2019-10-02 12:28:12.206;catalog_index_filter;b2d16e2920e75bebba97b39e49fbffb4
2019-10-02 12:28:11.492;catalog_index_query;b2d16e2920e75bebba97b39e49fbffb4
2019-10-02 12:28:10.667;catalog_show;b2d16e2920e75bebba97b39e49fbffb4
2019-10-02 12:28:09.976;catalog_index_filter;b2d16e2920e75bebba97b39e49fbffb4
2019-10-02 12:28:09.322;catalog_index_query;b2d16e2920e75bebba97b39e49fbffb4
2019-10-02 12:28:08.697;catalog_show;b2d16e2920e75bebba97b39e49fbffb4
2019-10-02 12:28:08.055;catalog_show;b2d16e2920e75bebba97b39e49fbffb4
2019-10-02 12:28:07.396;home_languages_selection;b2d16e2920e75bebba97b39e49fbffb4
2019-10-02 12:28:06.644;home_languages;b2d16e2920e75bebba97b39e49fbffb4
2019-10-02 12:28:05.807;home_index;b2d16e2920e75bebba97b39e49fbffb4
2019-10-02 12:28:04.788;catalog_show;0248abfbcb340064c85c51a00018213f
2019-10-02 12:28:04.141;catalog_index_query;0248abfbcb340064c85c51a00018213f
2019-10-02 12:28:03.506;catalog_show;0248abfbcb340064c85c51a00018213f
2019-10-02 12:28:02.819;home_show_topic_selection;0248abfbcb340064c85c51a00018213f
2019-10-02 12:28:02.052;home_topics;0248abfbcb340064c85c51a00018213f
2019-10-02 12:28:01.263;catalog_show;0248abfbcb340064c85c51a00018213f
2019-10-02 12:28:00.581;home_show_topic_selection;0248abfbcb340064c85c51a00018213f
2019-10-02 12:27:59.816;home_topics;0248abfbcb340064c85c51a00018213f
2019-10-02 12:27:59.029;catalog_show;0248abfbcb340064c85c51a00018213f
2019-10-02 12:27:58.402;catalog_index_query;0248abfbcb340064c85c51a00018213f
2019-10-02 12:27:57.735;home_index;0248abfbcb340064c85c51a00018213f
2019-10-02 12:27:56.780;catalog_show;c2aeab65e848fb7709668630625cb04e
2019-10-02 12:27:56.158;home_show_topic_selection;c2aeab65e848fb7709668630625cb04e
2019-10-02 12:27:55.346;home_topics;c2aeab65e848fb7709668630625cb04e
2019-10-02 12:27:54.551;catalog_show;c2aeab65e848fb7709668630625cb04e
2019-10-02 12:27:53.925;catalog_show;c2aeab65e848fb7709668630625cb04e
2019-10-02 12:27:53.235;home_periods_selection;c2aeab65e848fb7709668630625cb04e
2019-10-02 12:27:52.282;home_periods;c2aeab65e848fb7709668630625cb04e
2019-10-02 12:27:51.345;catalog_show;c2aeab65e848fb7709668630625cb04e
2019-10-02 12:27:50.712;home_show_topic_selection;c2aeab65e848fb7709668630625cb04e
2019-10-02 12:27:49.895;home_show_topic_selection;c2aeab65e848fb7709668630625cb04e
2019-10-02 12:27:49.135;home_topics;c2aeab65e848fb7709668630625cb04e
2019-10-02 12:27:48.354;home_index;c2aeab65e848fb7709668630625cb04e
2019-10-02 12:27:47.346;catalog_show;bb1d92575e9e36e7f849d94febb3e9ba
2019-10-02 12:27:46.708;catalog_index_filter;bb1d92575e9e36e7f849d94febb3e9ba
2019-10-02 12:27:46.090;catalog_index_query;bb1d92575e9e36e7f849d94febb3e9ba
2019-10-02 12:27:45.469;catalog_show;bb1d92575e9e36e7f849d94febb3e9ba
2019-10-02 12:27:44.804;catalog_index_filter;bb1d92575e9e36e7f849d94febb3e9ba
2019-10-02 12:27:44.188;catalog_index_query;bb1d92575e9e36e7f849d94febb3e9ba
2019-10-02 12:27:43.553;catalog_show;bb1d92575e9e36e7f849d94febb3e9ba
2019-10-02 12:27:42.930;catalog_show;bb1d92575e9e36e7f849d94febb3e9ba
2019-10-02 12:27:42.270;home_languages_selection;bb1d92575e9e36e7f849d94febb3e9ba
2019-10-02 12:27:41.528;home_languages;bb1d92575e9e36e7f849d94febb3e9ba
2019-10-02 12:27:40.690;home_index;bb1d92575e9e36e7f849d94febb3e9ba
2019-10-02 12:27:39.737;catalog_show;b290351e054c98dcab7e88d0290ab60a
2019-10-02 12:27:39.049;catalog_index_query;b290351e054c98dcab7e88d0290ab60a
2019-10-02 12:27:38.409;catalog_show;b290351e054c98dcab7e88d0290ab60a
2019-10-02 12:27:37.786;home_show_topic_selection;b290351e054c98dcab7e88d0290ab60a
2019-10-02 12:27:37.010;home_topics;b290351e054c98dcab7e88d0290ab60a
2019-10-02 12:27:36.171;catalog_show;b290351e054c98dcab7e88d0290ab60a
2019-10-02 12:27:35.534;home_show_topic_selection;b290351e054c98dcab7e88d0290ab60a
2019-10-02 12:27:34.713;home_topics;b290351e054c98dcab7e88d0290ab60a
2019-10-02 12:27:33.831;catalog_show;b290351e054c98dcab7e88d0290ab60a
2019-10-02 12:27:33.123;catalog_index_query;b290351e054c98dcab7e88d0290ab60a
2019-10-02 12:27:32.321;home_index;b290351e054c98dcab7e88d0290ab60a
2019-10-02 12:27:31.066;catalog_show;7f2de7809443f74fa35b6489c9844bbc
2019-10-02 12:27:30.385;home_show_topic_selection;7f2de7809443f74fa35b6489c9844bbc
2019-10-02 12:27:29.482;home_topics;7f2de7809443f74fa35b6489c9844bbc
2019-10-02 12:27:28.636;catalog_show;7f2de7809443f74fa35b6489c9844bbc
2019-10-02 12:27:27.910;catalog_show;7f2de7809443f74fa35b6489c9844bbc
2019-10-02 12:27:27.168;home_periods_selection;7f2de7809443f74fa35b6489c9844bbc
2019-10-02 12:27:26.154;home_periods;7f2de7809443f74fa35b6489c9844bbc
2019-10-02 12:27:24.957;catalog_show;7f2de7809443f74fa35b6489c9844bbc
2019-10-02 12:27:24.249;home_show_topic_selection;7f2de7809443f74fa35b6489c9844bbc
2019-10-02 12:27:23.238;home_show_topic_selection;7f2de7809443f74fa35b6489c9844bbc
2019-10-02 12:27:22.243;home_topics;7f2de7809443f74fa35b6489c9844bbc
2019-10-02 12:27:21.282;home_index;7f2de7809443f74fa35b6489c9844bbc
2019-10-02 12:27:20.080;catalog_show;18f2adb0cdf9baa8b8695b89ce927679
2019-10-02 12:27:19.332;catalog_index_filter;18f2adb0cdf9baa8b8695b89ce927679
2019-10-02 12:27:18.571;catalog_index_query;18f2adb0cdf9baa8b8695b89ce927679
2019-10-02 12:27:17.850;catalog_show;18f2adb0cdf9baa8b8695b89ce927679
2019-10-02 12:27:16.979;catalog_index_filter;18f2adb0cdf9baa8b8695b89ce927679
2019-10-02 12:27:16.145;catalog_index_query;18f2adb0cdf9baa8b8695b89ce927679
2019-10-02 12:27:15.215;catalog_show;18f2adb0cdf9baa8b8695b89ce927679
2019-10-02 12:27:14.513;catalog_show;18f2adb0cdf9baa8b8695b89ce927679
2019-10-02 12:27:13.727;home_languages_selection;18f2adb0cdf9baa8b8695b89ce927679
2019-10-02 12:27:12.686;home_languages;18f2adb0cdf9baa8b8695b89ce927679
2019-10-02 12:27:11.757;home_index;18f2adb0cdf9baa8b8695b89ce927679
2019-10-02 12:27:10.510;catalog_show;c25994a5e60a92204ebacf48d0541cab
2019-10-02 12:27:09.824;catalog_index_query;c25994a5e60a92204ebacf48d0541cab
2019-10-02 12:27:09.101;catalog_show;c25994a5e60a92204ebacf48d0541cab
2019-10-02 12:27:08.408;home_show_topic_selection;c25994a5e60a92204ebacf48d0541cab
2019-10-02 12:27:07.582;home_topics;c25994a5e60a92204ebacf48d0541cab
2019-10-02 12:27:06.799;catalog_show;c25994a5e60a92204ebacf48d0541cab
2019-10-02 12:27:06.185;home_show_topic_selection;c25994a5e60a92204ebacf48d0541cab
2019-10-02 12:27:05.348;home_topics;c25994a5e60a92204ebacf48d0541cab
2019-10-02 12:27:04.533;catalog_show;c25994a5e60a92204ebacf48d0541cab
2019-10-02 12:27:03.879;catalog_index_query;c25994a5e60a92204ebacf48d0541cab
2019-10-02 12:27:03.250;home_index;c25994a5e60a92204ebacf48d0541cab
2019-10-02 12:27:02.258;catalog_show;1bcde1d91980f84dda0739497144f077
2019-10-02 12:27:01.646;home_show_topic_selection;1bcde1d91980f84dda0739497144f077
2019-10-02 12:27:00.865;home_topics;1bcde1d91980f84dda0739497144f077
2019-10-02 12:27:00.029;catalog_show;1bcde1d91980f84dda0739497144f077
2019-10-02 12:26:59.386;catalog_show;1bcde1d91980f84dda0739497144f077
2019-10-02 12:26:58.759;home_periods_selection;1bcde1d91980f84dda0739497144f077
2019-10-02 12:26:57.943;home_periods;1bcde1d91980f84dda0739497144f077
2019-10-02 12:26:56.947;catalog_show;1bcde1d91980f84dda0739497144f077
2019-10-02 12:26:56.310;home_show_topic_selection;1bcde1d91980f84dda0739497144f077
2019-10-02 12:26:55.485;home_show_topic_selection;1bcde1d91980f84dda0739497144f077
2019-10-02 12:26:54.692;home_topics;1bcde1d91980f84dda0739497144f077
2019-10-02 12:26:53.853;home_index;1bcde1d91980f84dda0739497144f077
2019-10-02 12:26:52.886;catalog_show;a34f6dc9c0efbdb07782ec2f04d779ff
2019-10-02 12:26:52.265;catalog_index_filter;a34f6dc9c0efbdb07782ec2f04d779ff
2019-10-02 12:26:51.649;catalog_index_query;a34f6dc9c0efbdb07782ec2f04d779ff
2019-10-02 12:26:50.982;catalog_show;a34f6dc9c0efbdb07782ec2f04d779ff
2019-10-02 12:26:50.330;catalog_index_filter;a34f6dc9c0efbdb07782ec2f04d779ff
2019-10-02 12:26:49.710;catalog_index_query;a34f6dc9c0efbdb07782ec2f04d779ff
2019-10-02 12:26:49.081;catalog_show;a34f6dc9c0efbdb07782ec2f04d779ff
2019-10-02 12:26:48.456;catalog_show;a34f6dc9c0efbdb07782ec2f04d779ff
2019-10-02 12:26:47.766;home_languages_selection;a34f6dc9c0efbdb07782ec2f04d779ff
2019-10-02 12:26:46.947;home_languages;a34f6dc9c0efbdb07782ec2f04d779ff
2019-10-02 12:26:46.123;home_index;a34f6dc9c0efbdb07782ec2f04d779ff
2019-10-02 12:26:45.141;catalog_show;d0f3d5a8c20865a68873f339cff31905
2019-10-02 12:26:44.450;catalog_index_query;d0f3d5a8c20865a68873f339cff31905
2019-10-02 12:26:43.801;catalog_show;d0f3d5a8c20865a68873f339cff31905
2019-10-02 12:26:43.183;home_show_topic_selection;d0f3d5a8c20865a68873f339cff31905
2019-10-02 12:26:42.365;home_topics;d0f3d5a8c20865a68873f339cff31905
2019-10-02 12:26:41.539;catalog_show;d0f3d5a8c20865a68873f339cff31905
2019-10-02 12:26:40.840;home_show_topic_selection;d0f3d5a8c20865a68873f339cff31905
2019-10-02 12:26:40.057;home_topics;d0f3d5a8c20865a68873f339cff31905
2019-10-02 12:26:39.168;catalog_show;d0f3d5a8c20865a68873f339cff31905
2019-10-02 12:26:38.542;catalog_index_query;d0f3d5a8c20865a68873f339cff31905
2019-10-02 12:26:37.846;home_index;d0f3d5a8c20865a68873f339cff31905
2019-10-02 12:26:36.860;catalog_show;3d596f570d3f208f1598348f4e59a5b3
2019-10-02 12:26:36.222;home_show_topic_selection;3d596f570d3f208f1598348f4e59a5b3
2019-10-02 12:26:35.393;home_topics;3d596f570d3f208f1598348f4e59a5b3
2019-10-02 12:26:34.598;catalog_show;3d596f570d3f208f1598348f4e59a5b3
2019-10-02 12:26:33.891;catalog_show;3d596f570d3f208f1598348f4e59a5b3
2019-10-02 12:26:33.227;home_periods_selection;3d596f570d3f208f1598348f4e59a5b3
2019-10-02 12:26:32.247;home_periods;3d596f570d3f208f1598348f4e59a5b3
2019-10-02 12:26:31.230;catalog_show;3d596f570d3f208f1598348f4e59a5b3
2019-10-02 12:26:30.584;home_show_topic_selection;3d596f570d3f208f1598348f4e59a5b3
2019-10-02 12:26:29.716;home_show_topic_selection;3d596f570d3f208f1598348f4e59a5b3
2019-10-02 12:26:28.919;home_topics;3d596f570d3f208f1598348f4e59a5b3
2019-10-02 12:26:28.113;home_index;3d596f570d3f208f1598348f4e59a5b3
2019-10-02 12:26:27.114;catalog_show;6312fc1e4c54d73797f2713ceb7d2af9
2019-10-02 12:26:26.370;catalog_index_filter;6312fc1e4c54d73797f2713ceb7d2af9
2019-10-02 12:26:25.740;catalog_index_query;6312fc1e4c54d73797f2713ceb7d2af9
2019-10-02 12:26:25.065;catalog_show;6312fc1e4c54d73797f2713ceb7d2af9
2019-10-02 12:26:24.447;catalog_index_filter;6312fc1e4c54d73797f2713ceb7d2af9
2019-10-02 12:26:23.819;catalog_index_query;6312fc1e4c54d73797f2713ceb7d2af9
2019-10-02 12:26:23.129;catalog_show;6312fc1e4c54d73797f2713ceb7d2af9
2019-10-02 12:26:22.353;catalog_show;6312fc1e4c54d73797f2713ceb7d2af9
2019-10-02 12:26:21.620;home_languages_selection;6312fc1e4c54d73797f2713ceb7d2af9
2019-10-02 12:26:20.864;home_languages;6312fc1e4c54d73797f2713ceb7d2af9
2019-10-02 12:26:20.046;home_index;6312fc1e4c54d73797f2713ceb7d2af9
2019-10-02 12:26:18.974;catalog_show;7a62fee235fecdcbaf329c8f249b5fbb
2019-10-02 12:26:18.360;catalog_index_query;7a62fee235fecdcbaf329c8f249b5fbb
2019-10-02 12:26:17.718;catalog_show;7a62fee235fecdcbaf329c8f249b5fbb
2019-10-02 12:26:17.078;home_show_topic_selection;7a62fee235fecdcbaf329c8f249b5fbb
2019-10-02 12:26:16.260;home_topics;7a62fee235fecdcbaf329c8f249b5fbb
2019-10-02 12:26:15.487;catalog_show;7a62fee235fecdcbaf329c8f249b5fbb
2019-10-02 12:26:14.867;home_show_topic_selection;7a62fee235fecdcbaf329c8f249b5fbb
2019-10-02 12:26:14.100;home_topics;7a62fee235fecdcbaf329c8f249b5fbb
2019-10-02 12:26:13.272;catalog_show;7a62fee235fecdcbaf329c8f249b5fbb
2019-10-02 12:26:12.621;catalog_index_query;7a62fee235fecdcbaf329c8f249b5fbb
2019-10-02 12:26:11.988;home_index;7a62fee235fecdcbaf329c8f249b5fbb
2019-10-02 12:26:11.025;catalog_show;ade0f13d6b4212242e00acf726952efa
2019-10-02 12:26:10.360;home_show_topic_selection;ade0f13d6b4212242e00acf726952efa
2019-10-02 12:26:09.596;home_topics;ade0f13d6b4212242e00acf726952efa
2019-10-02 12:26:08.784;catalog_show;ade0f13d6b4212242e00acf726952efa
2019-10-02 12:26:08.159;catalog_show;ade0f13d6b4212242e00acf726952efa
2019-10-02 12:26:07.478;home_periods_selection;ade0f13d6b4212242e00acf726952efa
2019-10-02 12:26:06.512;home_periods;ade0f13d6b4212242e00acf726952efa
2019-10-02 12:26:05.437;catalog_show;ade0f13d6b4212242e00acf726952efa
2019-10-02 12:26:04.757;home_show_topic_selection;ade0f13d6b4212242e00acf726952efa
2019-10-02 12:26:03.773;home_show_topic_selection;ade0f13d6b4212242e00acf726952efa
2019-10-02 12:26:02.980;home_topics;ade0f13d6b4212242e00acf726952efa
2019-10-02 12:26:01.980;home_index;ade0f13d6b4212242e00acf726952efa
2019-10-02 12:26:00.664;catalog_show;0c96a032b9245655cacb76f8a76c28d7
2019-10-02 12:25:59.921;catalog_index_filter;0c96a032b9245655cacb76f8a76c28d7
2019-10-02 12:25:59.207;catalog_index_query;0c96a032b9245655cacb76f8a76c28d7
2019-10-02 12:25:58.377;catalog_show;0c96a032b9245655cacb76f8a76c28d7
2019-10-02 12:25:57.722;catalog_index_filter;0c96a032b9245655cacb76f8a76c28d7
2019-10-02 12:25:57.011;catalog_index_query;0c96a032b9245655cacb76f8a76c28d7
2019-10-02 12:25:56.305;catalog_show;0c96a032b9245655cacb76f8a76c28d7
2019-10-02 12:25:55.590;catalog_show;0c96a032b9245655cacb76f8a76c28d7
2019-10-02 12:25:54.750;home_languages_selection;0c96a032b9245655cacb76f8a76c28d7
2019-10-02 12:25:53.790;home_languages;0c96a032b9245655cacb76f8a76c28d7
2019-10-02 12:25:52.836;home_index;0c96a032b9245655cacb76f8a76c28d7
2019-10-02 12:25:51.566;catalog_show;7b8416f56f48784d0cbb068c784c75d1
2019-10-02 12:25:50.761;catalog_index_query;7b8416f56f48784d0cbb068c784c75d1
2019-10-02 12:25:49.874;catalog_show;7b8416f56f48784d0cbb068c784c75d1
2019-10-02 12:25:49.225;home_show_topic_selection;7b8416f56f48784d0cbb068c784c75d1
2019-10-02 12:25:48.383;home_topics;7b8416f56f48784d0cbb068c784c75d1
2019-10-02 12:25:47.487;catalog_show;7b8416f56f48784d0cbb068c784c75d1
2019-10-02 12:25:46.705;home_show_topic_selection;7b8416f56f48784d0cbb068c784c75d1
2019-10-02 12:25:45.723;home_topics;7b8416f56f48784d0cbb068c784c75d1
2019-10-02 12:25:44.763;catalog_show;7b8416f56f48784d0cbb068c784c75d1
2019-10-02 12:25:44.007;catalog_index_query;7b8416f56f48784d0cbb068c784c75d1
2019-10-02 12:25:43.263;home_index;7b8416f56f48784d0cbb068c784c75d1
2019-10-02 12:25:42.084;catalog_show;ebae14317af361ecb2903bd625cfe982
2019-10-02 12:25:41.276;home_show_topic_selection;ebae14317af361ecb2903bd625cfe982
2019-10-02 12:25:40.281;home_topics;ebae14317af361ecb2903bd625cfe982
2019-10-02 12:25:39.269;catalog_show;ebae14317af361ecb2903bd625cfe982
2019-10-02 12:25:38.471;catalog_show;ebae14317af361ecb2903bd625cfe982
2019-10-02 12:25:37.787;home_periods_selection;ebae14317af361ecb2903bd625cfe982
2019-10-02 12:25:36.824;home_periods;ebae14317af361ecb2903bd625cfe982
2019-10-02 12:25:35.765;catalog_show;ebae14317af361ecb2903bd625cfe982
2019-10-02 12:25:35.142;home_show_topic_selection;ebae14317af361ecb2903bd625cfe982
2019-10-02 12:25:34.232;home_show_topic_selection;ebae14317af361ecb2903bd625cfe982
2019-10-02 12:25:33.442;home_topics;ebae14317af361ecb2903bd625cfe982
2019-10-02 12:25:32.529;home_index;ebae14317af361ecb2903bd625cfe982
